mysql> source test.sql
+----------+
| count(*) |
+----------+
|     3503 |
+----------+
1 row in set (0.00 sec)

+----------+
| count(*) |
+----------+
|      275 |
+----------+
1 row in set (0.00 sec)

mysql> clear
mysql> show tables;
+-------------------+
| Tables_in_Chinook |
+-------------------+
| Album             |
| Artist            |
| Customer          |
| Employee          |
| Genre             |
| Invoice           |
| InvoiceLine       |
| MediaType         |
| Playlist          |
| PlaylistTrack     |
| Track             |
+-------------------+
11 rows in set (0.00 sec)

mysql> select * from Album limit 5;
+---------+---------------------------------------+----------+
| AlbumId | Title                                 | ArtistId |
+---------+---------------------------------------+----------+
|       1 | For Those About To Rock We Salute You |        1 |
|       2 | Balls to the Wall                     |        2 |
|       3 | Restless and Wild                     |        2 |
|       4 | Let There Be Rock                     |        1 |
|       5 | Big Ones                              |        3 |
+---------+---------------------------------------+----------+
5 rows in set (0.00 sec)

mysql> select Title, Name from Album join Artist on Album.ArtistId = Artist.ArtistId limit 5;
+---------------------------------------+-----------+
| Title                                 | Name      |
+---------------------------------------+-----------+
| For Those About To Rock We Salute You | AC/DC     |
| Balls to the Wall                     | Accept    |
| Restless and Wild                     | Accept    |
| Let There Be Rock                     | AC/DC     |
| Big Ones                              | Aerosmith |
+---------------------------------------+-----------+
5 rows in set (0.00 sec)

mysql> select Name from Album join Artist on Album.ArtistId = Artist.ArtistId limit 5;
+-----------+
| Name      |
+-----------+
| AC/DC     |
| AC/DC     |
| Accept    |
| Accept    |
| Aerosmith |
+-----------+
5 rows in set (0.00 sec)

mysql> select Title, Name from Album join Artist on Album.ArtistId = Artist.ArtistId limit 5;
+---------------------------------------+-----------+
| Title                                 | Name      |
+---------------------------------------+-----------+
| For Those About To Rock We Salute You | AC/DC     |
| Balls to the Wall                     | Accept    |
| Restless and Wild                     | Accept    |
| Let There Be Rock                     | AC/DC     |
| Big Ones                              | Aerosmith |
+---------------------------------------+-----------+
5 rows in set (0.00 sec)

mysql> desc Genre;
+---------+--------------+------+-----+---------+----------------+
| Field   | Type         | Null | Key | Default | Extra          |
+---------+--------------+------+-----+---------+----------------+
| GenreId | int          | NO   | PRI | NULL    | auto_increment |
| Name    | varchar(120) | YES  |     | NULL    |                |
+---------+--------------+------+-----+---------+----------------+
2 rows in set (0.00 sec)

mysql> insert into Genre (Name) values (
    -> 
    -> 
    -> ^C
mysql> insert into Genre (Name) values ('Trad');
Query OK, 1 row affected (0.03 sec)

mysql> select last_insert_id();
+------------------+
| last_insert_id() |
+------------------+
|               26 |
+------------------+
1 row in set (0.00 sec)

mysql> select Name from Genre where GenreId = 26;
+------+
| Name |
+------+
| Trad |
+------+
1 row in set (0.00 sec)

mysql> update Genre set name = 
    -> quit
    -> quit;
ERROR 1064 (42000): You have an error in your SQL syntax; check the manual that corresponds to your MySQL server version for the right syntax to use near 'quit' at line 3
mysql> update Genre set name = 'Traditional' where name = 'Trad';
Query OK, 1 row affected (0.04 sec)
Rows matched: 1  Changed: 1  Warnings: 0

mysql> select Name from Genre where GenreId = 26;
+-------------+
| Name        |
+-------------+
| Traditional |
+-------------+
1 row in set (0.00 sec)

mysql> delete from Genre where name = 'Traditional';
Query OK, 1 row affected (0.03 sec)

mysql> select Name from Genre where GenreId = 26;
Empty set (0.01 sec)

mysql> quit;
